{
  "grade": 0.9996056004732794,
  "severity": 0.9948728061526326,
  "size": 0.9819233550253073,
  "location": 0.9781108262670085,
  "tumor": 0.9762045618878591,
  "average": 0.988628146979557
}