{
  "P@1": 0.945,
  "R@1": 0.09449999999999999,
  "NDCG@1": 0.945,
  "P@5": 0.892,
  "R@5": 0.446,
  "NDCG@5": 0.9096833866918184,
  "P@10": 0.8575,
  "R@10": 0.8575,
  "NDCG@10": 0.8974310474882722,
  "P@20": 0.78875,
  "R@20": 1.5775,
  "NDCG@20": 0.9554317372985358,
  "mAP": 0.9006257236214316
}