P@1,R@1,NDCG@1,P@5,R@5,NDCG@5,P@10,R@10,NDCG@10,P@20,R@20,NDCG@20,mAP
0.945,0.09449999999999999,0.945,0.892,0.446,0.9096833866918184,0.8575,0.8575,0.8974310474882722,0.78875,1.5775,0.9554317372985358,0.9006257236214316
